mean_fit_time,std_fit_time,mean_score_time,std_score_time,param_l2_regularization,param_learning_rate,param_max_iter,param_max_leaf_nodes,split0_test_f1_phishing,split1_test_f1_phishing,split2_test_f1_phishing,split3_test_f1_phishing,split4_test_f1_phishing,mean_test_f1_phishing,std_test_f1_phishing,rank_test_f1_phishing,split0_test_precision_phishing,split1_test_precision_phishing,split2_test_precision_phishing,split3_test_precision_phishing,split4_test_precision_phishing,mean_test_precision_phishing,std_test_precision_phishing,rank_test_precision_phishing,split0_test_recall_phishing,split1_test_recall_phishing,split2_test_recall_phishing,split3_test_recall_phishing,split4_test_recall_phishing,mean_test_recall_phishing,std_test_recall_phishing,rank_test_recall_phishing,split0_test_roc_auc,split1_test_roc_auc,split2_test_roc_auc,split3_test_roc_auc,split4_test_roc_auc,mean_test_roc_auc,std_test_roc_auc,rank_test_roc_auc,split0_test_pr_auc_phishing,split1_test_pr_auc_phishing,split2_test_pr_auc_phishing,split3_test_pr_auc_phishing,split4_test_pr_auc_phishing,mean_test_pr_auc_phishing,std_test_pr_auc_phishing,rank_test_pr_auc_phishing
11.130114078521729,0.5536101477665856,2.1609755992889403,0.0831210584985443,0.0,0.05,100,31,0.995773851119763,0.9962743663096267,0.9955097289206719,0.9958401277912743,0.9963759683479071,0.9959548084978487,0.00032356943042676146,35,0.9992653442863821,0.9993993593166044,0.998532061119637,0.9993988377529891,0.9989999333288886,0.9991191071609002,0.00032771976705582177,35,0.9923066719724102,0.993168855285847,0.992505637352434,0.9923066719724102,0.9937657514259186,0.992810717601804,0.0005729834478433574,35,0.9981699194903001,0.9980347873609466,0.9981050564880225,0.9982141971027039,0.9985701566304552,0.9982188234144858,0.0001858279891534432,23,0.9982425072189715,0.9982892209406738,0.9982597522069026,0.998324937383806,0.9986715686694168,0.998357597283954,0.0001594612218994534,35
16.54572477340698,1.0583288651849896,3.1731550216674806,0.21196263701680776,0.0,0.05,100,127,0.9962736225712004,0.9966079148653143,0.9959409103007719,0.9963745218692832,0.9967428875299122,0.9963879714272965,0.00027837412170447827,33,0.9995994124716251,0.9994663820704376,0.9992655895313126,0.9993994795489424,0.9990006662225184,0.9993463059689672,0.00020361266123316966,33,0.992969889905823,0.9937657514259186,0.9926382809391165,0.9933678206658708,0.9944952911526728,0.9934474068178805,0.0006462887764998131,33,0.998411335998428,0.9982384576931879,0.998065688682033,0.9981838757113002,0.9984117066624753,0.9982622129494848,0.00013409614217819028,21,0.9986624523217479,0.9985586267600036,0.9985233740998979,0.998574765418973,0.9987377885352364,0.9986114014271716,7.804622714827062e-05,24
24.922659969329835,1.292582649123424,7.3161670684814455,0.2728864215043945,0.0,0.05,300,31,0.997307270370001,0.9971413375880867,0.9969414893617021,0.9974744118038017,0.9976747276109487,0.997307847346908,0.00025467188790757466,24,0.9998000399920016,0.9995335199253632,0.9994667377682975,0.9996003729852138,0.9994010382004526,0.9995603417742658,0.00013705216786116133,6,0.9948269001193792,0.9947605783260379,0.9944289693593314,0.9953574744661096,0.9959543706061812,0.9950656585754081,0.0005348678910639663,26,0.9986513377421784,0.9984290148153995,0.998442546116041,0.9988104505833848,0.9989608607512322,0.9986588420016472,0.000206814528859216,5,0.9989394470966001,0.9987607435226175,0.9987723203745864,0.9990829660558052,0.9992271080948301,0.9989565170288879,0.0001798643584358134,5
54.570802974700925,2.854868649595757,15.71544885635376,2.413123123600281,0.0,0.05,300,127,0.9973079863072883,0.9972746609944164,0.9969079362968382,0.997508222864547,0.9975754757713641,0.9973148564468909,0.00023347800132035308,23,0.9995336753047765,0.9995336442371752,0.999533302220148,0.9994008388256441,0.9991351207504491,0.9994273162676386,0.00015487425816851073,29,0.9950921872927444,0.9950258654994031,0.9942963257726489,0.9956227616394747,0.9960206923995225,0.9952115665207588,0.0005848363890449258,21,0.9981735572216484,0.9978429958035369,0.997867064304951,0.9983294429815965,0.9985377695481525,0.9981501659719771,0.00026736641346879685,26,0.9986333457644996,0.9984345965945012,0.9984343339286337,0.9988014226713826,0.9989593594674893,0.9986526116853014,0.00020580857418120272,22
49.38404426574707,6.811353038009069,12.340952920913697,1.2261864690952522,0.0,0.05,600,31,0.9973411326774794,0.9972746609944164,0.9970744680851064,0.9976078144727224,0.9977744560704201,0.9974145064600289,0.0002479912387284198,11,0.9996002664890073,0.9995336442371752,0.9996000533262231,0.9995339547270307,0.9994676249417714,0.9995471087442416,4.960014226637856e-05,10,0.9950921872927444,0.9950258654994031,0.9945616129460141,0.995689083432816,0.9960870141928638,0.9952911526727682,0.0005355253810369235,13,0.9983958768697152,0.9980440923465855,0.998097769189575,0.9986204135784669,0.998727386857142,0.998377107768297,0.00027246091432446914,15,0.998766112263045,0.9985252160173648,0.9985871701221173,0.998971753900827,0.9990927727959116,0.9987886050198531,0.00021749356650753172,14
92.89618906974792,2.64628680259023,27.169537162780763,0.1941314991346565,0.0,0.05,600,127,0.997374630288126,0.9973079863072883,0.9969744322904545,0.997774012425662,0.9978744603121886,0.9974611043247439,0.00032758119824388845,3,0.9995337374275628,0.9995336753047765,0.9995999733315555,0.9996671326809133,0.9994012772751464,0.9995471592039908,8.812089879157225e-05,7,0.9952248308794269,0.9950921872927444,0.9943626475659901,0.9958880488128399,0.996352301366229,0.995384003183446,0.0006848829098514973,3,0.9979028536154873,0.9977447426306547,0.997659924690943,0.9981478818671116,0.9982950803774429,0.9979500966363279,0.00023947221454792976,31,0.9984671796448552,0.9983781513673184,0.9983297931279553,0.9986811009005336,0.9988227514733763,0.9985357953028078,0.00018732547905428172,29
7.91948447227478,0.5829983484669085,2.4418508052825927,0.500111933886314,0.0,0.1,100,31,0.9970077797725913,0.9969079362968382,0.9965416334131418,0.9973078073586599,0.9974749152767626,0.9970480144235987,0.000324776582908771,31,0.9996,0.999533302220148,0.9993330665599574,0.9996002398560864,0.9994007989347536,0.999493481514189,0.0001083071909700939,20,0.9944289693593314,0.9942963257726489,0.9937657514259186,0.9950258654994031,0.9955564398461334,0.9946146703806871,0.0006184662807732692,30,0.9986624640525259,0.9985994308076677,0.9985494292256689,0.9987721008679096,0.9990054140971522,0.998717767810185,0.00016192127616874562,1,0.998935173858198,0.9988610466390592,0.9988371933180596,0.9990531750920957,0.9992047643407352,0.9989782706496296,0.00013594975776413034,1
15.779496002197266,0.5618750512903476,3.5500120639801027,0.22019617759744964,0.0,0.1,100,127,0.9973744557811824,0.997274842140246,0.9967084483159889,0.9974410953441228,0.9975092159011657,0.9972616114965411,0.00028720054998551393,28,0.9996002931183798,0.9994670929922729,0.9993332888859258,0.9996003463664824,0.9990021951706246,0.9994006433067371,0.00022246548282498987,31,0.9951585090860857,0.9950921872927444,0.994097360392625,0.9952911526727682,0.9960206923995225,0.9951319803687492,0.000614470609996067,25,0.9983789537959397,0.9981866605955406,0.998257735636984,0.99841632331769,0.998738080906135,0.9983955508504578,0.00019008522736922305,14,0.9987512235133398,0.9985947430190167,0.9986681955508557,0.9988477041332591,0.9990688280184178,0.9987861388469778,0.0001645998278908054,15
19.235871410369874,2.474764563790362,6.008844709396362,1.2057617792938764,0.0,0.1,300,31,0.9972744798245031,0.9973079863072883,0.9970742735554226,0.9975746702548257,0.9977744560704201,0.997401173202492,0.0002453730691723149,15,0.9996002132196162,0.9995336753047765,0.9996666666666667,0.9994674122894615,0.9994676249417714,0.9995471184844584,7.741296881086962e-05,9,0.9949595437060618,0.9950921872927444,0.9944952911526728,0.995689083432816,0.9960870141928638,0.9952646239554317,0.0005605662981593393,16,0.9984394542355102,0.9980172954305794,0.998101107083757,0.9985927365993008,0.9987074824498408,0.9983716151597977,0.0002701928042857212,16,0.9987931838288606,0.9985270656659758,0.9985883485998774,0.9989515993066338,0.999061504954529,0.9987843404711754,0.00020468366463987432,16
45.526966381072995,1.0585105307941332,13.223843812942505,0.7961799259497381,0.0,0.1,300,127,0.997374630288126,0.997341309405118,0.9969744322904545,0.9976409608931123,0.9979076023780266,0.9974477870509674,0.00031288988433724016,6,0.9995337374275628,0.9995337063682388,0.9995999733315555,0.9996005060257008,0.999467766615661,0.9995471379537438,4.959741758011688e-05,8,0.9952248308794269,0.9951585090860857,0.9943626475659901,0.995689083432816,0.996352301366229,0.9953574744661096,0.0006552109847581405,7,0.997909204481302,0.9977693264158273,0.9976892279918322,0.9980666084063141,0.9982857487007802,0.9979440231992113,0.0002137546997695685,32,0.9984732761515613,0.9983877391255522,0.9983477969704978,0.9986357920101793,0.9988128332792974,0.9985314875074176,0.00017194722751146882,30
40.33642501831055,3.447836281296675,10.554147958755493,0.5961757614937736,0.0,0.1,600,31,0.9973744557811824,0.9973744557811824,0.9970742735554226,0.9976744186046511,0.9978074546541758,0.9974610116753228,0.00025694959586918903,4,0.9996002931183798,0.9996002931183798,0.9996666666666667,0.9995340167753961,0.9996006389776357,0.9996003817312917,4.194778160730399e-05,1,0.9951585090860857,0.9951585090860857,0.9944952911526728,0.9958217270194986,0.9960206923995225,0.995330945748773,0.0005430293007151753,11,0.9980954615722716,0.9976996734507423,0.9977270989916392,0.9981613645988175,0.9983839509903227,0.9980135099207587,0.00026318366790541875,30,0.9985950368148035,0.9983662061565879,0.998378682116124,0.9986983771301117,0.9988778852082987,0.9985832374851851,0.00019450405618066875,27
100.51317143440247,2.0936955003220405,30.640637922286988,0.5436742265209479,0.0,0.1,600,127,0.997374630288126,0.997341309405118,0.9970077797725913,0.997707717351583,0.9979076023780266,0.997467807839089,0.0003121812109755031,2,0.9995337374275628,0.9995337063682388,0.9996,0.9995340477933835,0.999467766615661,0.9995338516409692,4.18160461954595e-05,12,0.9952248308794269,0.9951585090860857,0.9944289693593314,0.9958880488128399,0.996352301366229,0.9954105319007827,0.0006597601865205588,1,0.997910453670706,0.9977578279716288,0.9976895591581512,0.9980716545940806,0.9982534681818975,0.9979365927152928,0.00020606670474430393,33,0.9984740794654913,0.9983835682602414,0.9983469594911745,0.9986412409445634,0.9987954953430963,0.9985282687009134,0.00016788122374471775,31
7.531984424591064,0.37254536403956157,2.312389612197876,0.128175082165822,0.0,0.2,100,31,0.997307628386239,0.9971748595739024,0.9969746334652083,0.997375153669801,0.9977746039127113,0.9973213758015724,0.0002646484551490905,22,0.9996668221496635,0.9994669864747818,0.9995333644423705,0.9993341767095013,0.9994011577616608,0.9994805015075956,0.00011436686950500104,22,0.9949595437060618,0.9948932219127206,0.9944289693593314,0.9954237962594509,0.996153335986205,0.9951717734447539,0.0005833302408090179,23,0.9985522157105247,0.9982340642186435,0.9983079647145632,0.9986455789398104,0.9987261687552867,0.9984931984677656,0.00019101837632265614,10,0.9988666045331576,0.9986020719781452,0.9987091156622462,0.9989789860154717,0.9990733003135668,0.9988460157005175,0.00017205432873427522,10
14.999297857284546,1.222978512693921,4.249895000457764,0.19444207516473674,0.0,0.2,100,127,0.997374630288126,0.9972746609944164,0.99694128598976,0.9977078696475434,0.9977414640627076,0.9974079821965107,0.00029591717776613415,13,0.9995337374275628,0.9995336442371752,0.9995333333333334,0.9994675540765391,0.9993346640053227,0.9994805866159865,7.731182511839588e-05,21,0.9952248308794269,0.9950258654994031,0.9943626475659901,0.9959543706061812,0.996153335986205,0.9953442101074412,0.0006490054289813133,10,0.9980744515835567,0.9978181070981158,0.9976913723757175,0.998176050677444,0.9983619628583137,0.9980243889186295,0.00024203963790575057,29,0.9985743896588417,0.9984259448384287,0.9983301091448482,0.9986986231872625,0.9988552612831023,0.9985768656224968,0.00018761717466316786,28
20.640841674804687,3.5773621313439006,5.8466705799102785,0.79351797817617,0.0,0.2,300,31,0.9973078073586599,0.9972417001761325,0.9970411250374015,0.9974749152767626,0.9978074546541758,0.9973746005006264,0.0002571985525595341,17,0.9996002398560864,0.9994005195497235,0.999600026664889,0.9994007989347536,0.9996006389776357,0.9995204447966177,9.780473306147735e-05,14,0.9950258654994031,0.9950921872927444,0.9944952911526728,0.9955564398461334,0.9960206923995225,0.9952380952380953,0.0005161182241237281,19,0.998072336814093,0.9978076545631558,0.9977440212626352,0.9982434544993513,0.9983295118379598,0.9980393957954389,0.0002314486970581063,28,0.9985807109412673,0.99842692865534,0.9983800079199254,0.9987321112876618,0.9988540176243281,0.9985947552857045,0.0001791999353133342,26
46.215881204605104,7.875011576355723,16.68978910446167,2.5341114896934864,0.0,0.2,300,127,0.997374630288126,0.9972746609944164,0.99694128598976,0.9977410138861206,0.9978744603121886,0.9974412102941222,0.0003345694691548247,7,0.9995337374275628,0.9995336442371752,0.9995333333333334,0.9995340788072418,0.9994012772751464,0.9995072142160918,5.296900369312186e-05,16,0.9952248308794269,0.9950258654994031,0.9943626475659901,0.9959543706061812,0.996352301366229,0.995384003183446,0.0007013823619261387,3,0.9978999650699101,0.9977508115272079,0.9976308082858966,0.9981440947671308,0.9982384148693335,0.9979328189038957,0.0002295399126244369,34,0.9984683457797365,0.9983844553386994,0.9983014375792083,0.9986751791326178,0.9987925381675656,0.9985243911995655,0.00018279564998784567,32
42.564766788482665,3.9961756235649286,12.036516618728637,2.020879805990848,0.0,0.2,600,31,0.9973744557811824,0.9973414861092649,0.9970744680851064,0.9975745090872844,0.9980070417856906,0.9974743921697057,0.0003102674932021927,1,0.9996002931183798,0.9994671639802851,0.9996000533262231,0.999533923696651,0.9996672877295715,0.999573744370222,6.795943324624227e-05,3,0.9951585090860857,0.9952248308794269,0.9945616129460141,0.9956227616394747,0.996352301366229,0.995384003183446,0.0005911203065435064,3,0.9979076208632387,0.997718067027005,0.9974612019476279,0.9980845733593826,0.9982646917691129,0.9978872309932735,0.000279983424071292,36,0.9984748627424445,0.9983724109273011,0.9981994170510562,0.9986452415100423,0.9988193246883423,0.9985022513838373,0.00021461545683557637,34
103.24152359962463,0.411402134020533,31.961599922180177,0.8451041264807494,0.0,0.2,600,127,0.9973416627899249,0.9972746609944164,0.9969744322904545,0.9977410138861206,0.9979077413569791,0.997447902263579,0.0003355114286106896,5,0.9994006393180608,0.9995336442371752,0.9995999733315555,0.9995340788072418,0.9994013171023748,0.9994939305592816,7.964249577504025e-05,19,0.9952911526727682,0.9950258654994031,0.9943626475659901,0.9959543706061812,0.9964186231595702,0.9954105319007824,0.0007172572401960957,2,0.9979006667143522,0.9977469983847488,0.9976178600107246,0.9981495376987048,0.998229214347649,0.997928855431236,0.00023216411546130315,35,0.9984680877823578,0.9983833085121275,0.9982937371554179,0.9986769419790762,0.9987904738509106,0.998522509855978,0.00018456961178552064,33
7.8552594661712645,0.7137637413207749,1.9306413650512695,0.20602379150357017,1.0,0.05,100,31,0.9956398735230487,0.9960742564375541,0.9953429578870334,0.9956070287539937,0.9962758528961894,0.9957879938995637,0.000338436913927627,36,0.9993318634328857,0.9993324432576769,0.9984650293646556,0.9991983967935871,0.9989997332622033,0.9990654932222016,0.00032396295665558544,36,0.9919750630057037,0.9928372463191405,0.9922403501790689,0.9920413847990449,0.9935667860458947,0.9925321660697707,0.0005999831743148192,36,0.9981594325288605,0.9980933418847396,0.998101018554147,0.9983184374395312,0.9984578453441881,0.9982260151502931,0.0001413836682696976,22,0.998223364658108,0.9981604106115363,0.9982554742448322,0.9984779774018764,0.9986093438946636,0.9983453141622034,0.00016996673211851131,36
13.19131007194519,1.3277104621983837,2.2243083477020265,0.15591411011183073,1.0,0.05,100,127,0.9962070801171147,0.9965414033920852,0.995908319749842,0.9962409766807492,0.996709323583181,0.9963214207045944,0.00027894746306300454,34,0.9995326478835626,0.9993996798292423,0.9990656076887139,0.9993993192284589,0.9990671020190578,0.999292871329807,0.00019123417615530194,34,0.9929035681124818,0.9936994296325773,0.9927709245257992,0.9931025334925057,0.9943626475659901,0.9933678206658708,0.000590226700126967,34,0.9983471601223175,0.9982744907418736,0.9981166850162317,0.998272641400198,0.9984648195101266,0.9982951593581495,0.0001133807633551453,17,0.9985902728201693,0.9985665964335884,0.9985184624345996,0.9986074969698049,0.9987181112456037,0.9986001879807533,6.612879109494665e-05,25
22.52153663635254,1.4818428493399167,6.765569686889648,0.655676144522628,1.0,0.05,300,31,0.9970742735554226,0.9970079787234043,0.9967082294264339,0.9972742986305012,0.9975413648747425,0.997121229042101,0.0002776845518633355,29,0.9996666666666667,0.9995333955472604,0.9993998799759952,0.999666799946688,0.9994673768308922,0.9995468237935003,0.00010662196279396685,11,0.9944952911526728,0.9944952911526728,0.9940310385992838,0.9948932219127206,0.9956227616394747,0.9947075208913649,0.0005328905538294257,29,0.9986198293165304,0.998558089523693,0.9984222466043697,0.9987768388414783,0.9990338173470071,0.9986821643266156,0.00020950443577884913,3,0.9989157551460357,0.9988558954110331,0.9987577510101628,0.9990531739562366,0.999265173134616,0.9989695497316168,0.00017610001009586842,3
39.95191812515259,4.844576825123197,9.338240003585815,0.6865387737962195,1.0,0.05,300,127,0.9973078073586599,0.9972081893113534,0.9968410201842184,0.9975075604001197,0.9975751536289653,0.9972879461766633,0.0002596986694765315,25,0.9996002398560864,0.9994670219853431,0.9995998666222075,0.999666955305402,0.9992679842949358,0.9995204136127949,0.00014193710148628828,15,0.9950258654994031,0.9949595437060618,0.994097360392625,0.9953574744661096,0.9958880488128399,0.9950656585754079,0.0005851371534716311,27,0.998469985604879,0.9983726980127828,0.9982760448718688,0.9985800506340842,0.9989063543819432,0.9985210267011115,0.0002175242222023564,9,0.9988076667571028,0.9987256869938105,0.998685294757899,0.9989304665382874,0.9991760293350709,0.998865028876434,0.00017664331247685487,9
44.66774473190308,2.9150919222874094,12.93772497177124,0.7593831288309645,1.0,0.05,600,31,0.9974410953441228,0.9973078073586599,0.9969742310889443,0.9976074965109324,0.9977081741787625,0.9974077608962844,0.00025659011867050133,14,0.9996003463664824,0.9996002398560864,0.999666599986664,0.9996670218433671,0.9993346197351787,0.9995737655575556,0.0001232177895577305,2,0.9952911526727682,0.9950258654994031,0.9942963257726489,0.9955564398461334,0.9960870141928638,0.9952513595967636,0.0005926066561530373,18,0.9985617403698908,0.9985546731054282,0.9982440266629413,0.998774232136297,0.9989550095997902,0.9986179363748695,0.00023875319009757624,7,0.9988755700223926,0.9988388712491925,0.9986622628549578,0.9990527256983753,0.9992255439934222,0.9989309947636681,0.00019253734798075007,7
82.24759211540223,1.7151487246801267,22.386282014846802,2.438700016788041,1.0,0.05,600,127,0.99740777666999,0.997274842140246,0.9968078739110194,0.9975413648747425,0.9976417444448135,0.9973347204081623,0.00029101737080882697,20,0.9996003197442046,0.9994670929922729,0.9995332088556949,0.9994673768308922,0.9992680817086965,0.9994672160263522,0.00011110910916253293,25,0.9952248308794269,0.9950921872927444,0.994097360392625,0.9956227616394747,0.9960206923995225,0.9952115665207588,0.0006449261589676929,21,0.9982159739232729,0.9981372667940432,0.9980410020363583,0.998357300298857,0.9986824793927823,0.9982868044890626,0.00022330500472199336,19,0.9986533761821687,0.9985905311730181,0.998540339654108,0.9988058727099431,0.9990500307196106,0.9987280300877697,0.00018409276835348586,18
7.721605634689331,0.2863960318139068,2.1935552597045898,0.16449814207619012,1.0,0.1,100,31,0.9966412822985601,0.9968078739110194,0.9965087281795512,0.9967411545623837,0.9970083765456721,0.9967414830994373,0.00016724533635940517,32,0.9994664176615754,0.9995332088556949,0.9991998399679936,0.9995331465919701,0.9994002399040384,0.9994265705962544,0.00012362688461505257,30,0.9938320732192598,0.994097360392625,0.9938320732192598,0.9939647168059424,0.9946279347393554,0.9940708316752886,0.00029541129395572574,32,0.998614373539186,0.9985754306332928,0.9985371170521387,0.9986795497184684,0.9990917452217765,0.9986996432329726,0.0002016244871057152,2,0.9989057315676309,0.9988594239026615,0.9988297620176556,0.9989954427221993,0.9992797571660874,0.9989740234752469,0.0001628128303813533,2
13.602053451538087,0.2953044728628636,2.8709558963775637,0.24135002489126325,1.0,0.1,100,127,0.9970073817915808,0.9970748570668794,0.9965414033920852,0.997107808915927,0.9975416915819547,0.9970546285496853,0.00031815092651444325,30,0.9997332622032542,0.9994668799147007,0.9993996798292423,0.9996000799840032,0.9993343982960596,0.999506860045452,0.00014337151642227874,18,0.9942963257726489,0.9946942565326966,0.9936994296325773,0.9946279347393554,0.9957554052261574,0.9946146703806871,0.0006703424204002287,30,0.9985568600065633,0.9985324303208708,0.998399474821369,0.9986410999973224,0.998953681655641,0.9986167093603534,0.00018548367989454774,8,0.9988754054359945,0.9988137797776154,0.9987446915868513,0.9989676966610341,0.9992002587057567,0.9989203664334504,0.00015800233717374435,8
20.82298274040222,1.9849254233674791,6.799934387207031,0.5480715318471646,1.0,0.1,300,31,0.99740777666999,0.9973744557811824,0.997040731504572,0.9976076555023924,0.9976417444448135,0.99741447278059,0.00021461626820920603,12,0.9996003197442046,0.9996002931183798,0.9997332799893311,0.9996004794246903,0.9992680817086965,0.9995604907970606,0.0001550024774486706,5,0.9952248308794269,0.9951585090860857,0.9943626475659901,0.9956227616394747,0.9960206923995225,0.9952778883141,0.0005523454785424561,14,0.9985482812557088,0.9985704633840881,0.9982745431473745,0.998764815208899,0.9989636527128196,0.9986243511417779,0.00023061303571459592,6,0.9988660171013898,0.9988390530448612,0.9986814816791424,0.9990492181828292,0.9992326184176668,0.9989336776851777,0.00018965746531700777,6
43.50731296539307,1.6322079941181629,11.043058681488038,0.3564964638591796,1.0,0.1,300,127,0.9973744557811824,0.9972415168333942,0.9969079362968382,0.9974749152767626,0.9976419010926966,0.9973281450561748,0.0002474707585802111,21,0.9996002931183798,0.9994670574911731,0.999533302220148,0.9994007989347536,0.9992016499234915,0.9994406203375892,0.00013673101645750522,28,0.9951585090860857,0.9950258654994031,0.9942963257726489,0.9955564398461334,0.9960870141928638,0.9952248308794269,0.0005932001532032884,20,0.9981858425568102,0.9981046140977864,0.9980298014012636,0.998398348527998,0.9986747314124755,0.9982786675992668,0.0002332533229039311,20,0.9986356478432022,0.998571620509713,0.9985265014226525,0.998843074143122,0.9990471185458434,0.9987247924929067,0.0001942227621718672,19
43.76804990768433,1.9600586421235382,14.714764738082886,2.5123930674697017,1.0,0.1,600,31,0.9974079489565333,0.997341309405118,0.997107808915927,0.997508222864547,0.9977083264140291,0.9974147233112308,0.00019726980913465164,10,0.9995337684827494,0.9995337063682388,0.9996000799840032,0.9994008388256441,0.9992681790965339,0.9994673145514339,0.00011876414436082068,23,0.9952911526727682,0.9951585090860857,0.9946279347393554,0.9956227616394747,0.996153335986205,0.9953707388247779,0.0005057879285034246,6,0.9984057785810012,0.9982325527322521,0.9980932836893381,0.998615347717454,0.9988452755088348,0.998438447645776,0.0002681047129585041,11,0.9987779023250047,0.9986367749812132,0.9985865878450626,0.9989680183539262,0.9991515659186505,0.9988241698847713,0.00021051522873013833,11
89.72775053977966,1.2597416780694843,21.59303035736084,1.4781552551016133,1.0,0.1,600,127,0.9974410953441228,0.9973079863072883,0.99694128598976,0.9974749152767626,0.9976750365351401,0.9973680638906147,0.00024361104617257474,18,0.9996003463664824,0.9995336753047765,0.9995333333333334,0.9994007989347536,0.9992681304058549,0.9994672568690401,0.00011879253127944108,24,0.9952911526727682,0.9950921872927444,0.9943626475659901,0.9955564398461334,0.9960870141928638,0.9952778883141,0.0005664983818560466,14,0.9981218027472618,0.9979864427474004,0.9978571621041357,0.9983353252823457,0.9986242039573222,0.9981849873676932,0.0002707007082075032,24,0.9986068555016527,0.9985057735462157,0.9984380023273514,0.99879499079268,0.9990203965183624,0.9986732037372524,0.00021124846725210022,20
8.910041666030883,1.0057765760612867,2.969547080993652,0.7260085005438879,1.0,0.2,100,31,0.9973409559263445,0.9971413375880867,0.9968741686618782,0.9974409252550767,0.9976082912569758,0.9972811357376724,0.00025349856096784716,26,0.9996668443496801,0.9995335199253632,0.9996665332799787,0.9996669109319832,0.9993344868893917,0.9995736590752793,0.00013024554341753373,4,0.9950258654994031,0.9947605783260379,0.994097360392625,0.9952248308794269,0.9958880488128399,0.9949993367820665,0.0005851371534716245,28,0.9986094194048308,0.9985814831362839,0.9984052259671405,0.998750420950098,0.999000259706529,0.9986693618329765,0.0001985686273485062,4,0.9989011380353757,0.9988705287745121,0.9987678090561242,0.9990357025184824,0.9992442849743369,0.9989638926717662,0.00016424386956507365,4
14.82858419418335,1.010886378845396,3.4297289848327637,0.1155537707125858,1.0,0.2,100,127,0.9972080037226617,0.9972417001761325,0.9967747298420615,0.9974749152767626,0.9976751909664563,0.9972749079968148,0.00030198890561209567,27,0.9995335820895522,0.9994005195497235,0.9994665599786624,0.9994007989347536,0.9992017030335285,0.9994006327172441,0.00011099098962850669,32,0.9948932219127206,0.9950921872927444,0.994097360392625,0.9955564398461334,0.996153335986205,0.9951585090860856,0.000685396507906287,24,0.9983798833108899,0.9982674054444934,0.9981441882150526,0.9984884028145516,0.998790242880198,0.9984140245330371,0.0002202484016650639,13,0.9987461416918215,0.9986718846044887,0.998608237923654,0.9988822783619279,0.9991083030835604,0.9988033691330905,0.00017767989798331998,13
17.56108727455139,0.43111095882095546,6.215568971633911,0.43325445648852345,1.0,0.2,300,31,0.9974079489565333,0.997341309405118,0.997107808915927,0.9975080572814566,0.9977746039127113,0.9974279456943492,0.00021770762953119733,9,0.9995337684827494,0.9995337063682388,0.9996000799840032,0.9994673413676011,0.9994011577616608,0.9995072107928508,6.762962304719249e-05,17,0.9952911526727682,0.9951585090860857,0.9946279347393554,0.9955564398461334,0.996153335986205,0.9953574744661096,0.0004998393336361764,7,0.9984069523600212,0.9981995951157467,0.9981261740788673,0.9985644825382327,0.9988470821686525,0.9984288572523041,0.00025998628959404045,12,0.9987657532495078,0.998625185068912,0.9986092832052176,0.9989304763860367,0.9991530041175188,0.9988167404054386,0.0002041277954076269,12
43.64277572631836,1.6542428504344637,10.603692865371704,0.25613986362277097,1.0,0.2,300,127,0.997374630288126,0.997274842140246,0.9969079362968382,0.997508222864547,0.9976750365351401,0.9973481336249794,0.00025781446037485725,19,0.9995337374275628,0.9994670929922729,0.999533302220148,0.9994008388256441,0.9992681304058549,0.9994406203742965,9.929438099723437e-05,27,0.9952248308794269,0.9950921872927444,0.9942963257726489,0.9956227616394747,0.9960870141928638,0.9952646239554317,0.0005955682271028984,16,0.9981275536087173,0.9979577835227813,0.9978722023012019,0.998230778370758,0.9986484053295795,0.9981673446266075,0.00027131214990425346,25,0.9986049174460527,0.9984892455611485,0.9984470054554317,0.9987242254721228,0.9990398526159496,0.9986610493101411,0.0002125865743677154,21
39.34271287918091,1.3199404434547561,12.282768249511719,0.9078774321003287,1.0,0.2,600,31,0.9974079489565333,0.997341309405118,0.9970744680851064,0.9975080572814566,0.9978741779047366,0.9974411923265901,0.00025981371096174495,8,0.9995337684827494,0.9995337063682388,0.9996000533262231,0.9994673413676011,0.9995342028214,0.9995338144732425,4.196766382327561e-05,13,0.9952911526727682,0.9951585090860857,0.9945616129460141,0.9955564398461334,0.9962196577795464,0.9953574744661096,0.0005404310594896633,7,0.998263085740977,0.9979945641178822,0.9980129807753756,0.9984659392457486,0.9987283114997346,0.9982929762759436,0.00027848651187972897,18,0.9986826698309486,0.9985085293489735,0.9985483964382833,0.9988760460099451,0.999099900310652,0.9987431083877605,0.00021980253660485734,17
86.50335750579833,1.1354541756199492,17.26452374458313,0.9965173612507018,1.0,0.2,600,127,0.997341309405118,0.997374630288126,0.99694128598976,0.997508222864547,0.9977083264140291,0.9973747549923161,0.00025222908846230825,16,0.9995337063682388,0.9995337374275628,0.9995333333333334,0.9994008388256441,0.9992681790965339,0.9994539590102626,0.000106170099833247,26,0.9951585090860857,0.9952248308794269,0.9943626475659901,0.9956227616394747,0.996153335986205,0.9953044170314366,0.0005893317387325452,12,0.9980759794635098,0.9978892977792914,0.9977775969369227,0.9981352713160069,0.9986243777376674,0.9981005046466797,0.00029159250718054314,27,0.9985746920077567,0.9984551495277169,0.9983905418396761,0.9986732701108447,0.9990211049837434,0.9986229516939475,0.00022161177311673714,23
