TLD,n,n_legit,n_phishing,share_phishing,legit_false_alarm_rate,phishing_miss_rate
com,28180,17301,10879,0.38605393896380413,5.780012716027975e-05,0.006158654288077948
org,4644,4094,550,0.11843238587424634,0.0,0.005454545454545455
net,1693,951,742,0.43827525103366805,0.0010515247108307045,0.009433962264150943
uk,1604,1517,87,0.05423940149625935,0.0,
app,1578,36,1542,0.9771863117870723,,0.0
co,1387,115,1272,0.9170872386445565,,0.0007861635220125787
io,1049,112,937,0.8932316491897044,,0.0
de,1004,842,162,0.16135458167330677,0.0,
ru,1000,223,777,0.777,0.0,0.005148005148005148
au,712,613,99,0.13904494382022473,0.0,
top,622,1,621,0.9983922829581994,,0.004830917874396135
dev,587,7,580,0.9880749574105622,,0.005172413793103448
jp,531,501,30,0.05649717514124294,0.0,
fr,508,363,145,0.2854330708661417,0.0,
edu,480,479,1,0.0020833333333333333,0.008350730688935281,
br,458,307,151,0.3296943231441048,0.0,
it,444,395,49,0.11036036036036036,0.0,
nl,402,360,42,0.1044776119402985,0.0,
info,390,158,232,0.5948717948717949,,0.0
ca,389,368,21,0.05398457583547558,0.0,
in,363,224,139,0.38292011019283745,0.0,
site,362,2,360,0.994475138121547,,0.0
xyz,362,8,354,0.9779005524861878,,0.0
link,346,1,345,0.9971098265895953,,0.0
gov,340,340,0,0.0,0.0,
pl,332,148,184,0.5542168674698795,,
cf,310,0,310,1.0,,0.0
us,300,185,115,0.38333333333333336,,
ga,295,0,295,1.0,,0.003389830508474576
me,257,43,214,0.8326848249027238,,0.004672897196261682
cn,243,63,180,0.7407407407407407,,
ml,235,0,235,1.0,,0.00851063829787234
eu,227,160,67,0.29515418502202645,,
id,200,71,129,0.645,,
be,177,164,13,0.07344632768361582,,
se,163,132,31,0.1901840490797546,,
es,162,130,32,0.19753086419753085,,
nz,140,128,12,0.08571428571428572,,
mx,139,77,62,0.4460431654676259,,
za,138,103,35,0.2536231884057971,,
ro,138,102,36,0.2608695652173913,,
ch,135,118,17,0.1259259259259259,,
cz,132,121,11,0.08333333333333333,,
page,131,0,131,1.0,,
at,129,103,26,0.20155038759689922,,
gr,126,113,13,0.10317460317460317,,
club,123,9,114,0.926829268292683,,
biz,120,26,94,0.7833333333333333,,
gq,119,0,119,1.0,,
ie,118,116,2,0.01694915254237288,,
shop,100,4,96,0.96,,
fun,96,0,96,1.0,,
ar,95,59,36,0.37894736842105264,,
cloud,95,2,93,0.9789473684210527,,
dk,95,83,12,0.12631578947368421,,
ws,93,7,86,0.9247311827956989,,
tr,89,67,22,0.24719101123595505,,
ua,88,43,45,0.5113636363636364,,
no,87,85,2,0.022988505747126436,,
fi,87,81,6,0.06896551724137931,,
cc,85,15,70,0.8235294117647058,,
pt,79,64,15,0.189873417721519,,
mil,78,78,0,0.0,,
gd,76,1,75,0.9868421052631579,,
live,75,2,73,0.9733333333333334,,
il,72,64,8,0.1111111111111111,,
ir,69,17,52,0.7536231884057971,,
tv,68,58,10,0.14705882352941177,,
my,67,57,10,0.14925373134328357,,
cl,67,38,29,0.43283582089552236,,
vn,67,26,41,0.6119402985074627,,
sg,66,59,7,0.10606060606060606,,
ly,64,2,62,0.96875,,
hu,63,52,11,0.1746031746031746,,
online,63,5,58,0.9206349206349206,,
work,61,1,60,0.9836065573770492,,
kr,59,50,9,0.15254237288135594,,
tw,54,51,3,0.05555555555555555,,
hr,47,44,3,0.06382978723404255,,
tk,46,0,46,1.0,,
si,46,39,7,0.15217391304347827,,
sk,46,42,4,0.08695652173913043,,
ng,45,20,25,0.5555555555555556,,
rs,45,41,4,0.08888888888888889,,
icu,42,0,42,1.0,,
hk,41,35,6,0.14634146341463414,,
ph,40,33,7,0.175,,
bg,39,36,3,0.07692307692307693,,
pk,39,28,11,0.28205128205128205,,
ae,37,21,16,0.43243243243243246,,
ee,36,28,8,0.2222222222222222,,
network,35,4,31,0.8857142857142857,,
lt,32,26,6,0.1875,,
sh,31,2,29,0.9354838709677419,,
th,29,25,4,0.13793103448275862,,
cfd,28,0,28,1.0,,
pe,28,12,16,0.5714285714285714,,
su,27,3,24,0.8888888888888888,,
pro,27,6,21,0.7777777777777778,,
one,27,1,26,0.9629629629629629,,
am,26,19,7,0.2692307692307692,,
cat,25,21,4,0.16,,
to,25,4,21,0.84,,
bio,24,0,24,1.0,,
tech,23,8,15,0.6521739130434783,,
win,23,0,23,1.0,,
store,23,4,19,0.8260869565217391,,
pw,23,0,23,1.0,,
gp,23,1,22,0.9565217391304348,,
is,23,20,3,0.13043478260869565,,
ba,23,20,3,0.13043478260869565,,
lc,22,1,21,0.9545454545454546,,
nu,22,9,13,0.5909090909090909,,
ke,22,10,12,0.5454545454545454,,
gy,21,2,19,0.9047619047619048,,
lv,20,16,4,0.2,,
kz,20,10,10,0.5,,
click,19,0,19,1.0,,
ht,18,1,17,0.9444444444444444,,
mobi,18,7,11,0.6111111111111112,,
life,17,2,15,0.8823529411764706,,
238,17,0,17,1.0,,
space,17,2,15,0.8823529411764706,,
do,17,5,12,0.7058823529411765,,
vip,17,0,17,1.0,,
digital,16,1,15,0.9375,,
int,16,16,0,0.0,,
asia,16,8,8,0.5,,
ge,16,12,4,0.25,,
fm,16,14,2,0.125,,
lu,16,11,5,0.3125,,
ai,15,10,5,0.3333333333333333,,
la,15,4,11,0.7333333333333333,,
az,15,12,3,0.2,,
bz,14,4,10,0.7142857142857143,,
md,14,13,1,0.07142857142857142,,
uy,14,10,4,0.2857142857142857,,
mt,14,7,7,0.5,,
ec,14,10,4,0.2857142857142857,,
lk,13,12,1,0.07692307692307693,,
tz,13,9,4,0.3076923076923077,,
website,13,0,13,1.0,,
news,12,10,2,0.16666666666666666,,
np,12,8,4,0.3333333333333333,,
ug,12,11,1,0.08333333333333333,,
art,12,2,10,0.8333333333333334,,
by,12,8,4,0.3333333333333333,,
94,12,0,12,1.0,,
24,11,0,11,1.0,,
travel,11,9,2,0.18181818181818182,,
bd,11,9,2,0.18181818181818182,,
email,11,2,9,0.8181818181818182,,
ma,11,9,2,0.18181818181818182,,
li,11,1,10,0.9090909090909091,,
bo,10,8,2,0.2,,
name,10,3,7,0.7,,
world,10,2,8,0.8,,
sa,10,5,5,0.5,,
tn,10,1,9,0.9,,
aero,10,10,0,0.0,,
xn--p1ai,10,0,10,1.0,,
gg,10,5,5,0.5,,
host,10,0,10,1.0,,
cy,9,7,2,0.2222222222222222,,
agency,9,3,6,0.6666666666666666,,
coop,9,9,0,0.0,,
lb,9,9,0,0.0,,
cyou,9,0,9,1.0,,
vu,8,1,7,0.875,,
181,8,0,8,1.0,,
67,8,0,8,1.0,,
zw,8,4,4,0.5,,
eg,8,5,3,0.375,,
buzz,8,0,8,1.0,,
al,8,5,3,0.375,,
scot,8,8,0,0.0,,
mom,8,0,8,1.0,,
mn,8,5,3,0.375,,
py,7,4,3,0.42857142857142855,,
86,7,0,7,1.0,,
41,7,0,7,1.0,,
sv,7,7,0,0.0,,
tc,7,1,6,0.8571428571428571,,
ve,7,6,1,0.14285714285714285,,
cr,7,2,5,0.7142857142857143,,
cool,7,2,5,0.7142857142857143,,
chat,7,4,3,0.42857142857142855,,
pm,7,0,7,1.0,,
ps,7,6,1,0.14285714285714285,,
lol,7,0,7,1.0,,
ink,7,1,6,0.8571428571428571,,
gle,7,0,7,1.0,,
78,6,0,6,1.0,,
tl,6,0,6,1.0,,
cam,6,0,6,1.0,,
qa,6,3,3,0.5,,
press,6,3,3,0.5,,
pet,6,1,5,0.8333333333333334,,
cx,6,0,6,1.0,,
bt,6,6,0,0.0,,
na,6,6,0,0.0,,
cash,6,2,4,0.6666666666666666,,
sbs,6,0,6,1.0,,
128,6,0,6,1.0,,
cm,6,1,5,0.8333333333333334,,
bid,6,0,6,1.0,,
goog,6,0,6,1.0,,
fo,6,2,4,0.6666666666666666,,
today,5,0,5,1.0,,
tokyo,5,2,3,0.6,,
media,5,5,0,0.0,,
mu,5,5,0,0.0,,
mk,5,4,1,0.2,,
vg,5,0,5,1.0,,
bw,5,4,1,0.2,,
eus,5,5,0,0.0,,
sn,5,2,3,0.6,,
guru,5,3,2,0.4,,
exchange,5,1,4,0.8,,
kg,5,1,4,0.8,,
bar,5,1,4,0.8,,
12,5,0,5,1.0,,
wales,5,5,0,0.0,,
games,5,3,2,0.4,,
zm,4,2,2,0.5,,
gh,4,4,0,0.0,,
services,4,0,4,1.0,,
ky,4,4,0,0.0,,
gt,4,3,1,0.25,,
academy,4,0,4,1.0,,
date,4,0,4,1.0,,
re,4,0,4,1.0,,
company,4,1,3,0.75,,
pg,4,4,0,0.0,,
nf,4,0,4,1.0,,
center,4,1,3,0.75,,
220,4,0,4,1.0,,
gi,4,4,0,0.0,,
87,4,0,4,1.0,,
systems,4,0,4,1.0,,
st,4,0,4,1.0,,
africa,4,2,2,0.5,,
mg,4,3,1,0.25,,
pics,4,1,3,0.75,,
gs,4,1,3,0.75,,
vc,4,3,1,0.25,,
26,4,0,4,1.0,,
wiki,3,2,1,0.3333333333333333,,
business,3,0,3,1.0,,
ni,3,3,0,0.0,,
182,3,0,3,1.0,,
trade,3,0,3,1.0,,
zone,3,0,3,1.0,,
uz,3,2,1,0.3333333333333333,,
pa,3,3,0,0.0,,
bet,3,1,2,0.6666666666666666,,
paris,3,2,1,0.3333333333333333,,
69,3,0,3,1.0,,
studio,3,1,2,0.6666666666666666,,
jm,3,2,1,0.3333333333333333,,
design,3,2,1,0.3333333333333333,,
bank,3,3,0,0.0,,
jo,3,1,2,0.6666666666666666,,
technology,3,2,1,0.3333333333333333,,
stream,3,0,3,1.0,,
im,3,3,0,0.0,,
ac,3,2,1,0.3333333333333333,,
af,3,3,0,0.0,,
95,3,0,3,1.0,,
sy,3,2,1,0.3333333333333333,,
help,3,1,2,0.6666666666666666,,
hn,3,3,0,0.0,,
fj,3,3,0,0.0,,
tm,3,2,1,0.3333333333333333,,
fund,3,0,3,1.0,,
finance,3,0,3,1.0,,
land,3,1,2,0.6666666666666666,,
kh,3,3,0,0.0,,
bm,3,3,0,0.0,,
blog,3,3,0,0.0,,
place,3,0,3,1.0,,
bf,3,3,0,0.0,,
church,3,2,1,0.3333333333333333,,
lr,3,0,3,1.0,,
bond,3,0,3,1.0,,
mm,3,3,0,0.0,,
run,3,1,2,0.6666666666666666,,
160,2,0,2,1.0,,
103,2,0,2,1.0,,
gl,2,0,2,1.0,,
wtf,2,0,2,1.0,,
yachts,2,0,2,1.0,,
yt,2,0,2,1.0,,
gifts,2,0,2,1.0,,
iq,2,1,1,0.5,,
immo,2,1,1,0.5,,
fr:443,2,0,2,1.0,,
google,2,2,0,0.0,,
game,2,2,0,0.0,,
taxi,2,0,2,1.0,,
guide,2,1,1,0.5,,
skin,2,0,2,1.0,,
so,2,0,2,1.0,,
express,2,1,1,0.5,,
events,2,2,0,0.0,,
education,2,1,1,0.5,,
ax,2,2,0,0.0,,
download,2,0,2,1.0,,
direct,2,1,1,0.5,,
delivery,2,2,0,0.0,,
je,2,2,0,0.0,,
jobs,2,2,0,0.0,,
london,2,2,0,0.0,,
dz,2,1,1,0.5,,
best,2,0,2,1.0,,
science,2,0,2,1.0,,
sm,2,2,0,0.0,,
rest,2,0,2,1.0,,
coach,2,0,2,1.0,,
codes,2,2,0,0.0,,
com:2096,2,0,2,1.0,,
ltd,2,0,2,1.0,,
ms,2,0,2,1.0,,
boutique,2,0,2,1.0,,
city,2,1,1,0.5,,
cern,2,2,0,0.0,,
rocks,2,1,1,0.5,,
bh,2,2,0,0.0,,
om,2,2,0,0.0,,
nyc,2,2,0,0.0,,
ngo,2,2,0,0.0,,
museum,2,2,0,0.0,,
va,2,2,0,0.0,,
203,2,0,2,1.0,,
148,2,0,2,1.0,,
works,2,1,1,0.5,,
146,2,0,2,1.0,,
108,2,0,2,1.0,,
120,1,0,1,1.0,,
126,1,0,1,1.0,,
130,1,0,1,1.0,,
134,1,0,1,1.0,,
136,1,0,1,1.0,,
14,1,0,1,1.0,,
140,1,0,1,1.0,,
149,1,0,1,1.0,,
15,1,0,1,1.0,,
wine,1,0,1,1.0,,
20,1,0,1,1.0,,
21,1,0,1,1.0,,
211:8383,1,0,1,1.0,,
214,1,0,1,1.0,,
216,1,0,1,1.0,,
video,1,0,1,1.0,,
vote,1,1,0,0.0,,
107,1,0,1,1.0,,
ck,1,1,0,0.0,,
mw,1,0,1,1.0,,
navy,1,0,1,1.0,,
nc,1,1,0,0.0,,
ninja,1,1,0,0.0,,
bs,1,1,0,0.0,,
cab,1,1,0,0.0,,
camera,1,1,0,0.0,,
care,1,1,0,0.0,,
cd,1,1,0,0.0,,
ovh,1,0,1,1.0,,
party,1,0,1,1.0,,
bi,1,1,0,0.0,,
mma,1,1,0,0.0,,
money,1,0,1,1.0,,
monster,1,0,1,1.0,,
mr,1,1,0,0.0,,
citic,1,1,0,0.0,,
bj,1,1,0,0.0,,
bn,1,1,0,0.0,,
pl:443,1,0,1,1.0,,
pn,1,1,0,0.0,,
post,1,1,0,0.0,,
quest,1,0,1,1.0,,
lundbeck,1,0,1,1.0,,
management,1,1,0,0.0,,
market,1,0,1,1.0,,
marketing,1,0,1,1.0,,
mc,1,1,0,0.0,,
coffee,1,1,0,0.0,,
com:443,1,0,1,1.0,,
crs,1,1,0,0.0,,
cu,1,1,0,0.0,,
cv,1,0,1,1.0,,
racing,1,0,1,1.0,,
red,1,1,0,0.0,,
rugby,1,1,0,0.0,,
ruhr,1,1,0,0.0,,
salon,1,0,1,1.0,,
as,1,1,0,0.0,,
audio,1,1,0,0.0,,
autos,1,0,1,1.0,,
band,1,1,0,0.0,,
cymru,1,1,0,0.0,,
dj,1,0,1,1.0,,
earth,1,1,0,0.0,,
land:443,1,0,1,1.0,,
law,1,1,0,0.0,,
loan,1,0,1,1.0,,
love,1,0,1,1.0,,
ist,1,0,1,1.0,,
ki,1,0,1,1.0,,
engineering,1,0,1,1.0,,
family,1,0,1,1.0,,
bb,1,1,0,0.0,,
school,1,1,0,0.0,,
ad,1,1,0,0.0,,
foundation,1,1,0,0.0,,
fyi,1,0,1,1.0,,
gal,1,1,0,0.0,,
gay,1,0,1,1.0,,
house,1,1,0,0.0,,
industries,1,0,1,1.0,,
international,1,1,0,0.0,,
investments,1,0,1,1.0,,
aq,1,1,0,0.0,,
social,1,0,1,1.0,,
software,1,0,1,1.0,,
solutions,1,0,1,1.0,,
sport,1,1,0,0.0,,
sr,1,1,0,0.0,,
study,1,0,1,1.0,,
swiss,1,1,0,0.0,,
sz,1,1,0,0.0,,
tattoo,1,1,0,0.0,,
green,1,1,0,0.0,,
group,1,0,1,1.0,,
guitars,1,1,0,0.0,,
healthcare,1,0,1,1.0,,
holdings,1,0,1,1.0,,
fit,1,0,1,1.0,,
flights,1,1,0,0.0,,
team,1,1,0,0.0,,
tf,1,0,1,1.0,,
tg,1,1,0,0.0,,
theater,1,1,0,0.0,,
tips,1,1,0,0.0,,
222,1,0,1,1.0,,
232,1,0,1,1.0,,
233,1,0,1,1.0,,
237,1,0,1,1.0,,
250,1,0,1,1.0,,
51,1,0,1,1.0,,
xn--90ais,1,0,1,1.0,,
xn--mk1bu44c,1,0,1,1.0,,
xn--p1acf,1,0,1,1.0,,
ye,1,1,0,0.0,,
gdn,1,0,1,1.0,,
gf,1,0,1,1.0,,
gift,1,0,1,1.0,,
global,1,1,0,0.0,,
tools,1,1,0,0.0,,
town,1,1,0,0.0,,
uno,1,0,1,1.0,,
150,1,0,1,1.0,,
151,1,0,1,1.0,,
158,1,0,1,1.0,,
171,1,0,1,1.0,,
177,1,0,1,1.0,,
197,1,0,1,1.0,,
106,1,0,1,1.0,,
